name,about_url,niche
Liam Porritt,https://www.youtube.com/@liam.porritt/about,productivity
Justin Sung,https://www.youtube.com/@JustinSung/about,productivity
Carlino Denver,https://www.youtube.com/@CarlinoDenver/about,productivity
RayLikeSunshine,https://www.youtube.com/@RayLikeSunshine/about,productivity
"simple, actually",https://www.youtube.com/@simpleactuallyus/about,productivity
Blueprint Financial,https://www.youtube.com/@Blueprint.Financial/about,personal finance
Tina Huang,https://www.youtube.com/@TinaHuang1/about,personal finance
Hasan Minhaj,https://www.youtube.com/@HasanMinhaj/about,personal finance
Humphrey Yang,https://www.youtube.com/@humphrey/about,personal finance
Ben Felix,https://www.youtube.com/@BenFelixCSI/about,personal finance
TED,https://www.youtube.com/@TED/about,entrepreneurship
Simon Squibb,https://www.youtube.com/@SimonSquibb/about,entrepreneurship
Jay Shetty Podcast,https://www.youtube.com/@JayShettyPodcast./about,entrepreneurship
The Diary Of A CEO,https://www.youtube.com/@TheDiaryOfACEO/about,entrepreneurship
Rise Above Reality,https://www.youtube.com/@RiseAboveReality-01/about,entrepreneurship
Jett Franzen,https://www.youtube.com/@Jett.franzen/about,self improvement
Evette Renee,https://www.youtube.com/@itsevetterenee/about,self improvement
Inspire Within,https://www.youtube.com/@inspirewithinn/about,self improvement
Deandra K,https://www.youtube.com/@Deandrakanu/about,self improvement
The Balance Theory Podcast,https://www.youtube.com/@thebalancetheorypodcast/about,self improvement
VoidRBX,https://www.youtube.com/@VoidFromTsb/about,tech tutorials
Tech Deck,https://www.youtube.com/@TechDeckVideos/about,tech tutorials
xnvexus,https://www.youtube.com/@xnvexus/about,tech tutorials
Cyralix,https://www.youtube.com/@Cyralix/about,tech tutorials
